without Politeness,With Politeness
5,4.5
5,4.833333334
4.666666667,4.666666667
4.333333333,4.166666667
3,4.333333333
3.333333333,3.166666667
4,4
5,4.5
5,5
4,3.833333334
2.666666667,3.666666667
1.333333333,2.333333333
2,3.833333333
4.333333333,4.5
4.333333333,3.166666667
5,5
3,2
4.333333333,4.333333333
2.333333333,3.333333334
2,4.833333334
