No polite behavior,One level polite behavior,Three level polite behavior
1,2.333333333,3.666666667
4.666666667,3.333333333,4.333333333
3.666666667,4,4.333333333
3.666666667,2.666666667,3
4.333333333,3.666666667,4
3.666666667,4,4
2,1.333333333,3
4.666666667,5,4.666666667
2.666666667,3,3
3,4.333333333,4.666666667
