No polite behavior,One level polite behavior,Three level polite behavior
1,2.333333333,4
3.333333333,3.333333333,4
3,4.333333333,4.666666667
3.333333333,3.333333333,3
2.333333333,4,4.666666667
1.666666667,1.666666667,1.666666667
1,3,1.666666667
2.666666667,5,4.333333333
1.666666667,3,3.333333333
1.333333333,4.333333333,5
