Politeness,Without Politeness
2.333333333,2
3.666666667,3.666666667
3.333333333,3.5
2.333333333,3.5
3,2.833333334
3.666666667,4.5
3,3.666666667
4,3.833333334
1,2
3.666666667,3.666666667
